{"cameraMode":{"drawMode":0,"name":"Shaded","section":"Shading Mode"},"sceneLighting":false,"audioPlay":false,"sceneViewState":{"showFog":true,"showMaterialUpdate":false,"showSkybox":false,"showFlares":true,"showImageEffects":true,"showParticleSystems":true},"in2DMode":false,"pivot":{"x":0.2429349422454834,"y":0.6096807718276978,"z":-0.13093113899230958},"rotation":{"x":-0.17507825791835786,"y":-0.4089853763580322,"z":0.08026619255542755,"w":-0.8919932246208191},"size":1.4863831996917725,"orthographic":false}